{
    "feature_names": [
        "blink_rate",
        "blink_duration",
        "pupil_speed_mean",
        "pupil_speed_std",
        "pupil_speed_max",
        "gaze_angle_mean",
        "gaze_angle_std",
        "gaze_angle_range",
        "saccade_count",
        "saccade_amplitude_mean",
        "saccade_amplitude_std",
        "fixation_duration_mean",
        "fixation_duration_std",
        "processing_time",
        "total_frames",
        "processed_frames"
    ],
    "scaler_mean": [
        0.99549851186479,
        311.4437869822485,
        0.7949293491130549,
        0.865876645167348,
        6.433697423537291,
        -1.725248001018437,
        0.4178375090980413,
        2.5578562686246347,
        182.23668639053255,
        0.23867989345868115,
        0.34244992152562576,
        1.3767118828740896,
        0.7123430718744092,
        9.02998149465527,
        624.9289940828403,
        312.1775147928994
    ],
    "scaler_scale": [
        0.008298671879901215,
        77.00725071434402,
        0.1634228020787438,
        0.27139225220658164,
        2.6344596597890853,
        0.19069699024523454,
        0.18773759871676865,
        0.9215272884656691,
        48.95188632544009,
        0.13538543129853658,
        0.2632407119435554,
        0.1623118253621987,
        0.23604216126911481,
        2.234584530148495,
        153.84206048264025,
        76.93679395221919
    ]
}